<?xml version="1.0"?>
<assembly xmlns="http://maven.apache.org/ASSEMBLY/2.0.0"
          xmlns:xsi="http://www.w3.org/2001/XMLSchema-instance"
          xsi:schemaLocation="http://maven.apache.org/ASSEMBLY/2.0.0 http://maven.apache.org/xsd/assembly-2.0.0.xsd">
    <id>jar-with-dependencies</id>

    <formats>
        <format>jar</format>
    </formats>

    <includeBaseDirectory>false</includeBaseDirectory>

    <dependencySets>

        <dependencySet>
            <outputDirectory>/</outputDirectory>
            <useProjectArtifact>true</useProjectArtifact>
            <useStrictFiltering>true</useStrictFiltering>
            <unpack>true</unpack>
            <scope>runtime</scope>
            <unpackOptions>
                <excludes>
                    <exclude>org.apache.lucene:lucene-analyzers-common</exclude>
                    <exclude>commons-lang:commons-lang</exclude>
                    <exclude>log4j:log4j</exclude>
                    <exclude>junit:junit</exclude>
                    <exclude>**/log4j.properties</exclude>
                </excludes>
            </unpackOptions>
        </dependencySet>

    </dependencySets>

</assembly>
